op,chosen,accepted,best,accept_rate,best_rate
_op_aggressive_gather,62607,61757,2,0.9864232434072867,3.194530962991359e-05
_op_reduce_setups,31404,24490,363,0.7798369634441472,0.011559037065341995
_op_balance_workload,18776,18763,155,0.9993076267575628,0.008255219429058372
_op_fill_valleys,12412,12376,25,0.9970995810505962,0.002014179825974863
_op_move_to_previous_day,12401,12376,84,0.9979840335456818,0.006773647286509152
_op_eliminate_shortage,6137,3626,507,0.5908424311552876,0.08261365488023464
_op_optimize_item_pattern,3151,990,198,0.3141859727070771,0.06283719454141543
_op_push_production_forward,3112,2850,28,0.9158097686375322,0.008997429305912597
