op,chosen,accepted,best,accept_rate,best_rate
_op_aggressive_gather,62767,61850,1,0.9853904121592557,1.5931938757627417e-05
_op_reduce_setups,31466,24376,300,0.7746774296065595,0.009534100298735143
_op_balance_workload,18574,18571,161,0.999838483902229,0.008668030580381177
_op_move_to_previous_day,12413,12405,63,0.9993555143800854,0.005075324256827519
_op_fill_valleys,12397,12369,27,0.9977413890457368,0.0021779462773251594
_op_eliminate_shortage,6170,3554,421,0.5760129659643436,0.06823338735818477
_op_push_production_forward,3148,2903,24,0.9221728081321474,0.007623888182973317
_op_optimize_item_pattern,3065,952,159,0.31060358890701467,0.05187601957585644
