file_name,total_cost,calc_time,num_starts,max_iterations
D40,112876.68214285714,26.980941772460938,30,5000
