file_name,method,total_cost,calc_time,time_limit
D40,MIP,200087.64610389672,2.3457138538360596,500
