file_name,total_cost,calc_time,num_starts,max_iterations
D40,216236.87792207795,21.015143871307373,30,5000
